nom,salaire_de_base,cotisation,prime,absence,salaire_net
Ahmad,7000,1000,500,2,5863.636363636364
Manal,10000,2000,1000,6,6272.727272727272
Rafi9a,5000,400,300,1,4672.727272727273
